{"count":1,"self":387.2969984,"total":3090.5580013999997,"children":{"InitializeActuators":{"count":21,"self":0.0020184,"total":0.0020184,"children":null},"InitializeSensors":{"count":21,"self":0.0039889999999999995,"total":0.0039889999999999995,"children":null},"AgentSendState":{"count":308434,"self":8.9067176,"total":1467.4356777,"children":{"CollectObservations":{"count":1295427,"self":1.5236674,"total":1.5236674,"children":null},"WriteActionMask":{"count":1295427,"self":1.930122,"total":1.930122,"children":null},"RequestDecision":{"count":1295427,"self":7.0547679999999993,"total":1455.0751705,"children":{"AgentInfo.ToProto":{"count":1295427,"self":6.8146271999999994,"total":1448.0204022,"children":{"GenerateSensorData":{"count":1295427,"self":39.3124064,"total":1441.2057753,"children":{"CameraSensor.GetCompressedObservation":{"count":1295427,"self":1401.893376,"total":1401.8933699,"children":null}}}}}}}}},"DecideAction":{"count":308434,"self":1174.5138688,"total":1174.5138476,"children":null},"AgentAct":{"count":308434,"self":14.2152672,"total":18.417251099999998,"children":{"AgentInfo.ToProto":{"count":179,"self":0.0033309999999999998,"total":4.2019831,"children":{"GenerateSensorData":{"count":179,"self":0.0074912999999999993,"total":4.1986520999999994,"children":{"CameraSensor.GetCompressedObservation":{"count":179,"self":4.1911608,"total":4.1911608,"children":null}}}}}}},"AgentInfo.ToProto":{"count":2034,"self":0.0177707,"total":42.8872127,"children":{"GenerateSensorData":{"count":2034,"self":0.0651462,"total":42.869442,"children":{"CameraSensor.GetCompressedObservation":{"count":2034,"self":42.804294399999996,"total":42.8042958,"children":null}}}}}},"gauges":{"AgentBehavior.CumulativeReward":{"count":2213,"max":3.408001,"min":-8.766607,"runningAverage":-1.65445113,"value":-4.5,"weightedAverage":-1.23563373}},"metadata":{"timer_format_version":"0.1.0","start_time_seconds":"1639995037","unity_version":"2020.3.24f1","command_line_arguments":"C:\\Program Files\\Unity\\Hub\\Editor\\2020.3.24f1\\Editor\\Unity.exe -projectpath D:\\Desktop\\Projekte Unity\\Endabgabe\\ML-Agents -useHub -hubIPC -cloudEnvironment production -licensingIpc LicenseClient-Mattis -hubSessionId 6d5e8600-6172-11ec-b164-0df56d9e1029 -accessToken RZw7CbYHm2Uk6gWMM-HybDi933KGLG8OWcwlKvY4exQ008f","communication_protocol_version":"1.5.0","com.unity.ml-agents_version":"2.1.0-exp.1","scene_name":"CameraSensorBigLevel","end_time_seconds":"1639998128"}}