{"count":1,"self":3454.2596095999997,"total":23633.6288183,"children":{"InitializeActuators":{"count":64,"self":0.0029917999999999998,"total":0.0029917999999999998,"children":null},"InitializeSensors":{"count":64,"self":0.0039898,"total":0.0039898,"children":null},"AgentSendState":{"count":3124617,"self":1561.8504704,"total":2775.1546817,"children":{"CollectObservations":{"count":39995136,"self":100.2313152,"total":100.2313147,"children":null},"WriteActionMask":{"count":39995136,"self":34.555388799999996,"total":34.5553878,"children":null},"RequestDecision":{"count":39995136,"self":103.0996672,"total":1078.5174652,"children":{"AgentInfo.ToProto":{"count":39995136,"self":102.9363712,"total":975.41779939999992,"children":{"GenerateSensorData":{"count":39995136,"self":688.3940864,"total":872.48142739999992,"children":{"RayPerceptionSensor.Perceive":{"count":39995136,"self":184.08734719999998,"total":184.087349,"children":null}}}}}}}}},"DecideAction":{"count":3124617,"self":17030.7584,"total":17030.7586715,"children":null},"AgentAct":{"count":3124617,"self":372.2507008,"total":373.0432149,"children":{"AgentInfo.ToProto":{"count":17872,"self":0.1120452,"total":0.79252349999999994,"children":{"GenerateSensorData":{"count":17872,"self":0.5926074,"total":0.6804783,"children":{"RayPerceptionSensor.Perceive":{"count":17872,"self":0.0878709,"total":0.0878709,"children":null}}}}}}},"AgentInfo.ToProto":{"count":9249,"self":0.0609587,"total":0.40485519999999997,"children":{"GenerateSensorData":{"count":9249,"self":0.2848544,"total":0.3438965,"children":{"RayPerceptionSensor.Perceive":{"count":9249,"self":0.0590421,"total":0.0590421,"children":null}}}}}},"gauges":{"AgentBehavior.CumulativeReward":{"count":27121,"max":3.79999423,"min":-7.941682,"runningAverage":-3.04436016,"value":-5.00020552,"weightedAverage":-3.804428}},"metadata":{"timer_format_version":"0.1.0","start_time_seconds":"1640967010","unity_version":"2020.3.24f1","command_line_arguments":"C:\\Program Files\\Unity\\Hub\\Editor\\2020.3.24f1\\Editor\\Unity.exe -projectpath D:\\Desktop\\Projekte Unity\\Endabgabe\\ML-Agents -useHub -hubIPC -cloudEnvironment production -licensingIpc LicenseClient-Mattis -hubSessionId 09ba4e80-698e-11ec-9408-e32aaf4e1686 -accessToken hCeJz_AO-wCWiEOg8uIIOB-U6A-Djxbs4HdtWX5MS00008f","communication_protocol_version":"1.5.0","com.unity.ml-agents_version":"2.1.0-exp.1","scene_name":"FinalLevelRayPerception","end_time_seconds":"1640990643"}}