{"count":1,"self":2736.9463808,"total":19320.0550621,"children":{"InitializeActuators":{"count":64,"self":0.0029919,"total":0.0029919,"children":null},"InitializeSensors":{"count":64,"self":0.0029952,"total":0.0029952,"children":null},"AgentSendState":{"count":2550417,"self":1276.4726272,"total":2308.7397713,"children":{"CollectObservations":{"count":32645376,"self":81.9397824,"total":81.9397834,"children":null},"WriteActionMask":{"count":32645376,"self":28.5317568,"total":28.5317567,"children":null},"RequestDecision":{"count":32645376,"self":86.0232704,"total":921.79557349999993,"children":{"AgentInfo.ToProto":{"count":32645376,"self":86.6739456,"total":835.7723019,"children":{"GenerateSensorData":{"count":32645376,"self":598.25756159999992,"total":749.0983593,"children":{"RayPerceptionSensor.Perceive":{"count":32645376,"self":150.8408064,"total":150.84080079999998,"children":null}}}}}}}}},"DecideAction":{"count":2550417,"self":13953.608908799999,"total":13953.608616599999,"children":null},"AgentAct":{"count":2550417,"self":319.369984,"total":319.9127301,"children":{"AgentInfo.ToProto":{"count":12115,"self":0.069803099999999993,"total":0.54275149999999994,"children":{"GenerateSensorData":{"count":12115,"self":0.4050416,"total":0.4729484,"children":{"RayPerceptionSensor.Perceive":{"count":12115,"self":0.0679068,"total":0.0679068,"children":null}}}}}}},"AgentInfo.ToProto":{"count":17382,"self":0.1257317,"total":0.8406496,"children":{"GenerateSensorData":{"count":17382,"self":0.597027,"total":0.7149179,"children":{"RayPerceptionSensor.Perceive":{"count":17382,"self":0.11789089999999999,"total":0.11789089999999999,"children":null}}}}}},"gauges":{"AgentBehavior.CumulativeReward":{"count":29497,"max":4.12501049,"min":-7.983699,"runningAverage":-1.60487378,"value":-5.00020552,"weightedAverage":-4.47423553}},"metadata":{"timer_format_version":"0.1.0","start_time_seconds":"1641725423","unity_version":"2020.3.24f1","command_line_arguments":"C:\\Program Files\\Unity\\Hub\\Editor\\2020.3.24f1\\Editor\\Unity.exe -projectpath D:\\Desktop\\Projekte Unity\\Endabgabe\\ML-Agents -useHub -hubIPC -cloudEnvironment production -licensingIpc LicenseClient-Mattis -hubSessionId 00081da0-7135-11ec-a670-85acf0c48b19 -accessToken qnC6ZkF2zeHaS-zvVqzW4Na177enO5NKowsBKQ73UrA008f","communication_protocol_version":"1.5.0","com.unity.ml-agents_version":"2.1.0-exp.1","scene_name":"FinalLevelRayPerception","end_time_seconds":"1641744743"}}