{"count":1,"self":3545.1092992,"total":30562.7215047,"children":{"InitializeActuators":{"count":64,"self":0.0019928,"total":0.0019928,"children":null},"InitializeSensors":{"count":64,"self":0.0019947,"total":0.0019947,"children":null},"AgentSendState":{"count":3831051,"self":2217.5059968,"total":3704.3116169,"children":{"CollectObservations":{"count":49037504,"self":129.2323456,"total":129.2323471,"children":null},"WriteActionMask":{"count":49037504,"self":41.9021216,"total":41.9021207,"children":null},"RequestDecision":{"count":49037504,"self":129.3668992,"total":1315.6710896,"children":{"AgentInfo.ToProto":{"count":49037504,"self":124.6805376,"total":1186.3041922999998,"children":{"GenerateSensorData":{"count":49037504,"self":832.850688,"total":1061.6236525,"children":{"RayPerceptionSensor.Perceive":{"count":49037504,"self":228.7729408,"total":228.77294039999998,"children":null}}}}}}}}},"DecideAction":{"count":3831051,"self":22790.145638399998,"total":22790.1462625,"children":null},"AgentAct":{"count":3831051,"self":516.9014784,"total":517.00502199999994,"children":{"AgentInfo.ToProto":{"count":2690,"self":0.014856699999999999,"total":0.10353119999999999,"children":{"GenerateSensorData":{"count":2690,"self":0.0726486,"total":0.088674499999999989,"children":{"RayPerceptionSensor.Perceive":{"count":2690,"self":0.0160259,"total":0.0160259,"children":null}}}}}}},"AgentInfo.ToProto":{"count":148363,"self":0.9356375,"total":6.1443685,"children":{"GenerateSensorData":{"count":148363,"self":4.415394,"total":5.2087309999999993,"children":{"RayPerceptionSensor.Perceive":{"count":148363,"self":0.793337,"total":0.793337,"children":null}}}}}},"gauges":{"AgentBehavior.CumulativeReward":{"count":151053,"max":4.333005,"min":-7.833638,"runningAverage":1.60522485,"value":3.14200282,"weightedAverage":1.42078912}},"metadata":{"timer_format_version":"0.1.0","start_time_seconds":"1641826929","unity_version":"2020.3.24f1","command_line_arguments":"C:\\Program Files\\Unity\\Hub\\Editor\\2020.3.24f1\\Editor\\Unity.exe -projectpath D:\\Desktop\\Projekte Unity\\Endabgabe\\ML-Agents -useHub -hubIPC -cloudEnvironment production -licensingIpc LicenseClient-Mattis -hubSessionId 00081da0-7135-11ec-a670-85acf0c48b19 -accessToken qnC6ZkF2zeHaS-zvVqzW4Na177enO5NKowsBKQ73UrA008f","communication_protocol_version":"1.5.0","com.unity.ml-agents_version":"2.1.0-exp.1","scene_name":"FinalLevelRayPerception","end_time_seconds":"1641857492"}}