{"count":1,"self":8072.9743359999993,"total":21188.3212098,"children":{"InitializeActuators":{"count":27,"self":0.0059838999999999995,"total":0.0059838999999999995,"children":null},"InitializeSensors":{"count":27,"self":0.0169552,"total":0.0169552,"children":null},"AgentSendState":{"count":1467017,"self":58.0534848,"total":7064.1701806,"children":{"GridSensor.Update":{"count":7921908,"self":6203.0790656,"total":6203.0790397,"children":null},"CollectObservations":{"count":7921908,"self":16.0273248,"total":16.0273249,"children":null},"WriteActionMask":{"count":7921908,"self":9.0861024,"total":9.086102,"children":null},"RequestDecision":{"count":7921908,"self":28.587152,"total":777.9242272,"children":{"AgentInfo.ToProto":{"count":7921908,"self":27.372124799999998,"total":749.3370765,"children":{"GenerateSensorData":{"count":7921908,"self":141.3205248,"total":721.9649504,"children":{"GridSensor.GetCompressedObservation":{"count":7921908,"self":580.64440319999994,"total":580.644424,"children":null}}}}}}}}},"DecideAction":{"count":1467017,"self":5957.5455744,"total":5957.5455701,"children":null},"AgentAct":{"count":1467017,"self":79.4905792,"total":81.378517899999991,"children":{"GridSensor.Update":{"count":1904,"self":1.6095121,"total":1.6095121,"children":null},"AgentInfo.ToProto":{"count":1904,"self":0.0150067,"total":0.2784256,"children":{"GenerateSensorData":{"count":1904,"self":0.0574601,"total":0.2634189,"children":{"GridSensor.GetCompressedObservation":{"count":1904,"self":0.2059588,"total":0.2059588,"children":null}}}}}}},"GridSensor.Update":{"count":12388,"self":10.275896,"total":10.275896399999999,"children":null},"AgentInfo.ToProto":{"count":12388,"self":0.0889722,"total":1.9524759999999999,"children":{"GenerateSensorData":{"count":12388,"self":0.403854,"total":1.8635038,"children":{"GridSensor.GetCompressedObservation":{"count":12388,"self":1.4596498,"total":1.4596498,"children":null}}}}}},"gauges":{"AgentBehavior.CumulativeReward":{"count":14292,"max":3.45000052,"min":-7.991702,"runningAverage":0.1547673,"value":3.217002,"weightedAverage":-0.263942033}},"metadata":{"timer_format_version":"0.1.0","start_time_seconds":"1640200614","unity_version":"2020.3.24f1","command_line_arguments":"C:\\Program Files\\Unity\\Hub\\Editor\\2020.3.24f1\\Editor\\Unity.exe -projectpath D:\\Desktop\\Projekte Unity\\Endabgabe\\ML-Agents -useHub -hubIPC -cloudEnvironment production -licensingIpc LicenseClient-Mattis -hubSessionId e89b3650-6312-11ec-9381-d33e9748542c -accessToken hp3MXkmqb0EEukIDAI9YYOv5hLwG1ervY1KCXUMSxHY008f","communication_protocol_version":"1.5.0","com.unity.ml-agents_version":"2.1.0-exp.1","scene_name":"GridSensorLevel","end_time_seconds":"1640221803"}}