{"count":1,"self":19.4291168,"total":284.3183597,"children":{"InitializeActuators":{"count":144,"self":0.00099669999999999989,"total":0.00099669999999999989,"children":null},"InitializeSensors":{"count":144,"self":0.0029928,"total":0.0029928,"children":null},"AgentSendState":{"count":17517,"self":1.8358588,"total":9.0656225,"children":{"CollectObservations":{"count":504576,"self":0.8370399,"total":0.8370399,"children":null},"WriteActionMask":{"count":504576,"self":0.4710764,"total":0.4710764,"children":null},"RequestDecision":{"count":504576,"self":1.2530751999999998,"total":5.9216473999999995,"children":{"AgentInfo.ToProto":{"count":504576,"self":1.2941303,"total":4.6685722,"children":{"GenerateSensorData":{"count":504576,"self":3.3744419999999997,"total":3.3744419,"children":null}}}}}}},"DecideAction":{"count":17517,"self":254.5500416,"total":254.5500418,"children":null},"AgentAct":{"count":17517,"self":1.1867056999999999,"total":1.2087337999999999,"children":{"AgentInfo.ToProto":{"count":1285,"self":0.0029953,"total":0.0220281,"children":{"GenerateSensorData":{"count":1285,"self":0.0190328,"total":0.0190328,"children":null}}}}},"AgentInfo.ToProto":{"count":2813,"self":0.0119927,"total":0.0598581,"children":{"GenerateSensorData":{"count":2813,"self":0.047865399999999995,"total":0.047865399999999995,"children":null}}}},"gauges":{"My Behavior.CumulativeReward":{"count":4098,"max":5.9,"min":-1.60000014,"runningAverage":1.41671491,"value":-1,"weightedAverage":0.380558}},"metadata":{"timer_format_version":"0.1.0","start_time_seconds":"1639060564","unity_version":"2020.3.24f1","command_line_arguments":"C:\\Program Files\\Unity\\Hub\\Editor\\2020.3.24f1\\Editor\\Unity.exe -openfile D:\\Desktop\\Projekte Unity\\Endabgabe\\ML-Agents\\Assets\\Scenes\\Jump.unity","communication_protocol_version":"1.5.0","com.unity.ml-agents_version":"2.1.0-exp.1","scene_name":"Jump","end_time_seconds":"1639060848"}}