{"count":1,"self":23215.6069888,"total":69055.7497705,"children":{"InitializeActuators":{"count":12,"self":0.0029641,"total":0.0029641,"children":null},"InitializeSensors":{"count":12,"self":0.0063668,"total":0.0063668,"children":null},"AgentSendState":{"count":3503401,"self":1434.5198592,"total":2120.1474150999998,"children":{"CollectObservations":{"count":8408172,"self":27.342191999999997,"total":27.342191999999997,"children":null},"WriteActionMask":{"count":8408172,"self":20.687225599999998,"total":20.687226199999998,"children":null},"RequestDecision":{"count":8408172,"self":70.5769664,"total":637.59816219999993,"children":{"AgentInfo.ToProto":{"count":8408172,"self":78.85175679999999,"total":567.0211944,"children":{"GenerateSensorData":{"count":8408172,"self":383.403008,"total":488.16943549999996,"children":{"RayPerceptionSensor.Perceive":{"count":8408172,"self":104.76642559999999,"total":104.76642269999999,"children":null}}}}}}}}},"DecideAction":{"count":3503401,"self":43446.219571199996,"total":43446.2202188,"children":null},"AgentAct":{"count":3503401,"self":272.727168,"total":273.1217932,"children":{"AgentInfo.ToProto":{"count":2804,"self":0.065388099999999991,"total":0.394631,"children":{"GenerateSensorData":{"count":2804,"self":0.2836145,"total":0.3292429,"children":{"RayPerceptionSensor.Perceive":{"count":2804,"self":0.0456284,"total":0.0456284,"children":null}}}}}}},"AgentInfo.ToProto":{"count":5250,"self":0.16471339999999998,"total":0.6370212,"children":{"GenerateSensorData":{"count":5250,"self":0.39527049999999997,"total":0.4723078,"children":{"RayPerceptionSensor.Perceive":{"count":5250,"self":0.0770373,"total":0.0770373,"children":null}}}}}},"gauges":{"AgentBehavior.CumulativeReward":{"count":8054,"max":3.39200115,"min":-7.95818853,"runningAverage":-0.583500445,"value":3.26650214,"weightedAverage":1.06634736}},"metadata":{"timer_format_version":"0.1.0","start_time_seconds":"1639770100","unity_version":"2020.3.24f1","command_line_arguments":"C:\\Program Files\\Unity\\Hub\\Editor\\2020.3.24f1\\Editor\\Unity.exe -openfile C:\\Users\\domin\\Desktop\\Studium\\7. Semester\\Game Engines\\ML-Agents\\Assets\\Scenes\\ButtonPress.unity","communication_protocol_version":"1.5.0","com.unity.ml-agents_version":"2.1.0-exp.1","scene_name":"RaycastSensorBigLevel","end_time_seconds":"1639839156"}}