{"count":1,"self":861.8624,"total":5867.9130288999995,"children":{"InitializeActuators":{"count":59,"self":0.0019947,"total":0.0019947,"children":null},"InitializeSensors":{"count":59,"self":0.0039895,"total":0.0039895,"children":null},"AgentSendState":{"count":821501,"self":260.50910719999996,"total":513.8707751,"children":{"CollectObservations":{"count":9693759,"self":17.4507728,"total":17.4507735,"children":null},"WriteActionMask":{"count":9693759,"self":8.2658904,"total":8.2658902999999988,"children":null},"RequestDecision":{"count":9693759,"self":23.6302848,"total":227.6450027,"children":{"AgentInfo.ToProto":{"count":9693759,"self":24.4816032,"total":204.0147174,"children":{"GenerateSensorData":{"count":9693759,"self":143.3385344,"total":179.5331134,"children":{"RayPerceptionSensor.Perceive":{"count":9693759,"self":36.1945824,"total":36.194583699999995,"children":null}}}}}}}}},"DecideAction":{"count":821501,"self":4410.2926336,"total":4410.2925527,"children":null},"AgentAct":{"count":821501,"self":81.2040128,"total":81.2659578,"children":{"AgentInfo.ToProto":{"count":1572,"self":0.0050133,"total":0.061944599999999995,"children":{"GenerateSensorData":{"count":1572,"self":0.049049699999999995,"total":0.0569313,"children":{"RayPerceptionSensor.Perceive":{"count":1572,"self":0.007881599999999999,"total":0.007881599999999999,"children":null}}}}}}},"AgentInfo.ToProto":{"count":15195,"self":0.1099042,"total":0.6143991,"children":{"GenerateSensorData":{"count":15195,"self":0.42909549999999996,"total":0.5044949,"children":{"RayPerceptionSensor.Perceive":{"count":15195,"self":0.075399399999999991,"total":0.075399399999999991,"children":null}}}}}},"gauges":{"AgentBehavior.CumulativeReward":{"count":16767,"max":3.44200063,"min":-15.1249313,"runningAverage":-1.60988188,"value":-3.10000014,"weightedAverage":-2.78176975}},"metadata":{"timer_format_version":"0.1.0","start_time_seconds":"1640032793","unity_version":"2020.3.24f1","command_line_arguments":"C:\\Program Files\\Unity\\Hub\\Editor\\2020.3.24f1\\Editor\\Unity.exe -projectpath D:\\Desktop\\Projekte Unity\\Endabgabe\\ML-Agents -useHub -hubIPC -cloudEnvironment production -licensingIpc LicenseClient-Mattis -hubSessionId 6d5e8600-6172-11ec-b164-0df56d9e1029 -accessToken RZw7CbYHm2Uk6gWMM-HybDi933KGLG8OWcwlKvY4exQ008f","communication_protocol_version":"1.5.0","com.unity.ml-agents_version":"2.1.0-exp.1","scene_name":"RayPerceptionBigLevel","end_time_seconds":"1640038661"}}