{"count":1,"self":1040.991744,"total":1052.4026387,"children":{"InitializeActuators":{"count":1,"self":0.00099739999999999985,"total":0.00099739999999999985,"children":null},"InitializeSensors":{"count":1,"self":0.0019947999999999997,"total":0.0019947999999999997,"children":null},"AgentSendState":{"count":50783,"self":0.515977,"total":0.5987144,"children":{"CollectObservations":{"count":10157,"self":0.0336842,"total":0.0336842,"children":null},"WriteActionMask":{"count":10157,"self":0.013902999999999999,"total":0.013902999999999999,"children":null},"RequestDecision":{"count":10157,"self":0.0351502,"total":0.0351502,"children":null}}},"DecideAction":{"count":50783,"self":10.3246152,"total":10.3735717,"children":{"RayPerceptionSensor.Perceive":{"count":10157,"self":0.0489562,"total":0.0489562,"children":null}}},"AgentAct":{"count":50783,"self":0.43463179999999996,"total":0.43463179999999996,"children":null}},"gauges":{"AgentBehavior.CumulativeReward":{"count":54,"max":3.2945013,"min":-2.96349716,"runningAverage":2.92025256,"value":3.22250175,"weightedAverage":3.07053852}},"metadata":{"timer_format_version":"0.1.0","start_time_seconds":"1640169796","unity_version":"2020.3.24f1","command_line_arguments":"C:\\Program Files\\Unity\\Hub\\Editor\\2020.3.24f1\\Editor\\Unity.exe -projectpath D:\\Desktop\\Projekte Unity\\Endabgabe\\ML-Agents -useHub -hubIPC -cloudEnvironment production -licensingIpc LicenseClient-Mattis -hubSessionId e89b3650-6312-11ec-9381-d33e9748542c -accessToken hp3MXkmqb0EEukIDAI9YYOv5hLwG1ervY1KCXUMSxHY008f","communication_protocol_version":"1.5.0","com.unity.ml-agents_version":"2.1.0-exp.1","scene_name":"RayPerceptionBigLevel","end_time_seconds":"1640170848"}}