{"count":1,"self":35.8900064,"total":122.9186096,"children":{"InitializeActuators":{"count":16,"self":0.001999,"total":0.001999,"children":null},"InitializeSensors":{"count":16,"self":0.0030082999999999998,"total":0.0030082999999999998,"children":null},"AgentSendState":{"count":16634,"self":0.6368692,"total":27.5766365,"children":{"CollectObservations":{"count":53232,"self":0.23585419999999999,"total":0.23585419999999999,"children":null},"WriteActionMask":{"count":53232,"self":0.11357189999999999,"total":0.11357189999999999,"children":null},"RequestDecision":{"count":53232,"self":0.45478029999999997,"total":26.590341199999997,"children":{"AgentInfo.ToProto":{"count":53232,"self":0.6097826,"total":26.135560899999998,"children":{"GenerateSensorData":{"count":53232,"self":25.525777599999998,"total":25.5257783,"children":null}}}}}}},"DecideAction":{"count":16634,"self":58.3844736,"total":58.3844709,"children":null},"AgentAct":{"count":16634,"self":0.7669589,"total":0.87243359999999992,"children":{"AgentInfo.ToProto":{"count":141,"self":0.0050056,"total":0.10547469999999999,"children":{"GenerateSensorData":{"count":141,"self":0.10046909999999999,"total":0.10046909999999999,"children":null}}}}},"AgentInfo.ToProto":{"count":274,"self":0.011018499999999999,"total":0.18804769999999998,"children":{"GenerateSensorData":{"count":274,"self":0.1770292,"total":0.1770292,"children":null}}}},"gauges":{"MoveToGoal.CumulativeReward":{"count":415,"max":1,"min":-1,"runningAverage":-0.009638526,"value":1,"weightedAverage":0.3394286}},"metadata":{"timer_format_version":"0.1.0","start_time_seconds":"1638978790","unity_version":"2020.3.24f1","command_line_arguments":"C:\\Program Files\\Unity\\Hub\\Editor\\2020.3.24f1\\Editor\\Unity.exe -projectpath C:\/Users\/domin\/Desktop\/Studium\/7. Semester\/Game Engines\/ML-Agents -useHub -hubIPC -cloudEnvironment production -hubSessionId f910eea0-4876-11ec-88b3-b305ae4f004d -accessToken -F2-u5ZxO3WwqT8E2V7Nm6YprLrgoH1S-jhb01QztW0008f","communication_protocol_version":"1.5.0","com.unity.ml-agents_version":"2.1.0-exp.1","scene_name":"SampleScene","end_time_seconds":"1638978913"}}