{
    "name": "root",
    "gauges": {
        "MoveToGoal.Policy.Entropy.mean": {
            "value": 3.028282642364502,
            "min": 3.028282642364502,
            "max": 3.028282642364502,
            "count": 1
        },
        "MoveToGoal.Policy.Entropy.sum": {
            "value": 153061.515625,
            "min": 153061.515625,
            "max": 153061.515625,
            "count": 1
        },
        "MoveToGoal.Environment.EpisodeLength.mean": {
            "value": 125.19794344473007,
            "min": 125.19794344473007,
            "max": 125.19794344473007,
            "count": 1
        },
        "MoveToGoal.Environment.EpisodeLength.sum": {
            "value": 48702.0,
            "min": 48702.0,
            "max": 48702.0,
            "count": 1
        },
        "MoveToGoal.Step.mean": {
            "value": 49987.0,
            "min": 49987.0,
            "max": 49987.0,
            "count": 1
        },
        "MoveToGoal.Step.sum": {
            "value": 49987.0,
            "min": 49987.0,
            "max": 49987.0,
            "count": 1
        },
        "MoveToGoal.Policy.ExtrinsicValueEstimate.mean": {
            "value": 0.001953759929165244,
            "min": 0.001953759929165244,
            "max": 0.001953759929165244,
            "count": 1
        },
        "MoveToGoal.Policy.ExtrinsicValueEstimate.sum": {
            "value": 2.016280174255371,
            "min": 2.016280174255371,
            "max": 2.016280174255371,
            "count": 1
        },
        "MoveToGoal.Environment.CumulativeReward.mean": {
            "value": -0.030848329048843187,
            "min": -0.030848329048843187,
            "max": -0.030848329048843187,
            "count": 1
        },
        "MoveToGoal.Environment.CumulativeReward.sum": {
            "value": -12.0,
            "min": -12.0,
            "max": -12.0,
            "count": 1
        },
        "MoveToGoal.Policy.ExtrinsicReward.mean": {
            "value": -0.030848329048843187,
            "min": -0.030848329048843187,
            "max": -0.030848329048843187,
            "count": 1
        },
        "MoveToGoal.Policy.ExtrinsicReward.sum": {
            "value": -12.0,
            "min": -12.0,
            "max": -12.0,
            "count": 1
        },
        "MoveToGoal.Losses.PolicyLoss.mean": {
            "value": 0.023397400934481994,
            "min": 0.023397400934481994,
            "max": 0.023397400934481994,
            "count": 1
        },
        "MoveToGoal.Losses.PolicyLoss.sum": {
            "value": 0.09358960373792798,
            "min": 0.09358960373792798,
            "max": 0.09358960373792798,
            "count": 1
        },
        "MoveToGoal.Losses.ValueLoss.mean": {
            "value": 0.0340083261874194,
            "min": 0.0340083261874194,
            "max": 0.0340083261874194,
            "count": 1
        },
        "MoveToGoal.Losses.ValueLoss.sum": {
            "value": 0.1360333047496776,
            "min": 0.1360333047496776,
            "max": 0.1360333047496776,
            "count": 1
        },
        "MoveToGoal.Policy.LearningRate.mean": {
            "value": 0.00028459965513344995,
            "min": 0.00028459965513344995,
            "max": 0.00028459965513344995,
            "count": 1
        },
        "MoveToGoal.Policy.LearningRate.sum": {
            "value": 0.0011383986205337998,
            "min": 0.0011383986205337998,
            "max": 0.0011383986205337998,
            "count": 1
        },
        "MoveToGoal.Policy.Epsilon.mean": {
            "value": 0.19486655000000005,
            "min": 0.19486655000000005,
            "max": 0.19486655000000005,
            "count": 1
        },
        "MoveToGoal.Policy.Epsilon.sum": {
            "value": 0.7794662000000002,
            "min": 0.7794662000000002,
            "max": 0.7794662000000002,
            "count": 1
        },
        "MoveToGoal.Policy.Beta.mean": {
            "value": 0.004743840845,
            "min": 0.004743840845,
            "max": 0.004743840845,
            "count": 1
        },
        "MoveToGoal.Policy.Beta.sum": {
            "value": 0.01897536338,
            "min": 0.01897536338,
            "max": 0.01897536338,
            "count": 1
        },
        "MoveToGoal.IsTraining.mean": {
            "value": 1.0,
            "min": 1.0,
            "max": 1.0,
            "count": 1
        },
        "MoveToGoal.IsTraining.sum": {
            "value": 1.0,
            "min": 1.0,
            "max": 1.0,
            "count": 1
        }
    },
    "metadata": {
        "timer_format_version": "0.1.0",
        "start_time_seconds": "1638978783",
        "python_version": "3.9.9 (tags/v3.9.9:ccb0e6a, Nov 15 2021, 18:08:50) [MSC v.1929 64 bit (AMD64)]",
        "command_line_arguments": "C:\\Users\\domin\\Desktop\\Studium\\7. Semester\\Game Engines\\ML-Agents\\venv\\Scripts\\mlagents-learn --run-id=MoveToGoal",
        "mlagents_version": "0.27.0",
        "mlagents_envs_version": "0.27.0",
        "communication_protocol_version": "1.5.0",
        "pytorch_version": "1.10.0+cpu",
        "numpy_version": "1.21.4",
        "end_time_seconds": "1638978913"
    },
    "total": 130.7499646,
    "count": 1,
    "self": 0.017186899999984462,
    "children": {
        "run_training.setup": {
            "total": 0.22254649999999998,
            "count": 1,
            "self": 0.22254649999999998
        },
        "TrainerController.start_learning": {
            "total": 130.51023120000002,
            "count": 1,
            "self": 0.15247239999990825,
            "children": {
                "TrainerController._reset_env": {
                    "total": 8.0885698,
                    "count": 1,
                    "self": 8.0885698
                },
                "TrainerController.advance": {
                    "total": 121.84350760000012,
                    "count": 3626,
                    "self": 0.150653199999482,
                    "children": {
                        "env_step": {
                            "total": 97.59928430000015,
                            "count": 3626,
                            "self": 88.63803919999985,
                            "children": {
                                "SubprocessEnvManager._take_step": {
                                    "total": 8.87399630000011,
                                    "count": 3626,
                                    "self": 0.4350951000003267,
                                    "children": {
                                        "TorchPolicy.evaluate": {
                                            "total": 8.438901199999783,
                                            "count": 3324,
                                            "self": 2.058626999999884,
                                            "children": {
                                                "TorchPolicy.sample_actions": {
                                                    "total": 6.380274199999899,
                                                    "count": 3324,
                                                    "self": 6.380274199999899
                                                }
                                            }
                                        }
                                    }
                                },
                                "workers": {
                                    "total": 0.08724880000018587,
                                    "count": 3625,
                                    "self": 0.0,
                                    "children": {
                                        "worker_root": {
                                            "total": 121.82751589999995,
                                            "count": 3625,
                                            "is_parallel": true,
                                            "self": 42.52031319999968,